pub_month,year,month,cve_count
2023-01,2023,1,2565
2023-02,2023,2,2474
2023-03,2023,3,2783
2023-04,2023,4,2363
2023-05,2023,5,2734
2023-06,2023,6,2405
2023-07,2023,7,2363
2023-08,2023,8,2518
2023-09,2023,9,2828
2023-10,2023,10,2722
2023-11,2023,11,2508
2023-12,2023,12,2686
2024-01,2024,1,2647
2024-02,2024,2,2906
2024-03,2024,3,3352
2024-04,2024,4,3735
2024-05,2024,5,5103
2024-06,2024,6,3173
2024-07,2024,7,3174
2024-08,2024,8,2945
2024-09,2024,9,2540
2024-10,2024,10,3595
2024-11,2024,11,4086
2024-12,2024,12,3448
2025-01,2025,1,4415
2025-02,2025,2,3831
2025-03,2025,3,4166
2025-04,2025,4,4142
2025-05,2025,5,4264
2025-06,2025,6,3799
2025-07,2025,7,3933
2025-08,2025,8,3737
2025-09,2025,9,4537
2025-10,2025,10,4389
2025-11,2025,11,3116
2025-12,2025,12,5643
2026-01,2026,1,5143
2026-02,2026,2,4808
2026-03,2026,3,6304
2026-04,2026,4,5885
2026-05,2026,5,6985
2026-06,2026,6,8001
2026-07,2026,7,9919
2026-08,2026,8,12719
2026-09,2026,9,15074
